article_id,judul,link,source,waktu,konten_score,struktur_score,bahasa_score,etika_score,seo_score,teknis_score,overall_score,verdict,konten_note,etika_note,nada_note,highlights_json,word_count,readability
0,"Viral Isu PHK Buruh Gudang Garam, Said Iqbal: Suplier hingga Pemilik Kontrakan Juga Akan Terdampak",https://nasional.kompas.com/read/2025/09/06/14232881/viral-isu-phk-buruh-gudang-garam-said-iqbal-suplier-hingga-pemilik-kontrakan,kompas,6 September 2025,50,75,80,50,80,100,68,Perlu revisi,,,,[],323,0
1,"Gempa M 5,3 Guncang Pulau Doi Maluku Utara",https://news.detik.com/berita/d-7486691/gempa-m-5-3-guncang-pulau-doi-maluku-utara,detik,"Senin, 12 Agu 2024 21:58 WIB",50,60,80,50,80,100,65,Perlu revisi,,,,[],114,0
2,"Toko Emas Palsu di Riau Dibongkar Polisi, Perhiasan 1,8 Kg Disita",https://news.detik.com/melindungi-tuah-marwah/d-8037655/toko-emas-palsu-di-riau-dibongkar-polisi-perhiasan-1-8-kg-disita,detik,"Rabu, 30 Jul 2025 22:22 WIB",50,75,80,50,80,95,67,Perlu revisi,,,,[],342,0
3,"Minyakita Tak Sesuai Ukuran juga Ditemukan di Kudus, Disita Polda Jateng",https://news.detik.com/berita/d-7816829/minyakita-tak-sesuai-ukuran-juga-ditemukan-di-kudus-disita-polda-jateng,detik,"Senin, 10 Mar 2025 23:15 WIB",50,75,80,50,80,100,68,Perlu revisi,,,,[],245,0
4,"Pimpin LDP, Sanae Takaichi Calon Kuat PM Perempuan Pertama Jepang",https://www.tempo.co/internasional/pimpin-ldp-sanae-takaichi-calon-kuat-pm-perempuan-pertama-jepang-2076205,tempo,4 Oktober 2025 | 14.00 WIB,50,75,80,50,80,95,67,Perlu revisi,,,,[],367,0
5,Gubernur Banten Terpilih Andra Soni Temui Presiden Prabowo di Istana,https://news.detik.com/berita/d-7685816/gubernur-banten-terpilih-andra-soni-temui-presiden-prabowo-di-istana,detik,"Jumat, 13 Des 2024 22:12 WIB",50,75,80,50,80,100,68,Perlu revisi,,,,[],266,0
6,Yusril: Pedemo Ditangkap Polisi karena Lakukan Tindak Pidana,https://www.tempo.co/hukum/yusril-pedemo-ditangkap-polisi-karena-lakukan-tindak-pidana-2073796,tempo,27 September 2025 | 08.29 WIB,50,75,80,50,80,95,67,Perlu revisi,,,,[],331,0
7,"Banjir Besar Landa Jabodetabek, Pimpinan MPR Ingatkan Mitigasi Bencana",https://nasional.kompas.com/read/2025/03/04/22383061/banjir-besar-landa-jabodetabek-pimpinan-mpr-ingatkan-mitigasi-bencana,kompas,4 Maret 2025,60,75,80,95,80,100,77,Layak terbit,"Artikel memenuhi unsur berita dengan narasumber jelas (Eddy Soeparno), data spesifik (117 RT terendam, 8 kecamatan Bekasi), dan konteks kebijakan publik yang relevan. Namun kelemahan utama: seluruh isi bersumber dari siaran pers partai, tidak ada konfirmasi independen dari BNPB, BMKG, atau pemerintah daerah terkait data banjir. Kurangnya sumber lain membuat artikel bersifat satu-sisi (single-source).","Tidak ditemukan masalah etika maupun legal. Pernyataan Eddy Soeparno bersifat kebijakan publik yang sah untuk disampaikan oleh pejabat negara. Tidak ada serangan pribadi, fitnah, atau pelanggaran privasi. Bahasa yang digunakan objektif dan faktual.",Netral-informatif. Artikel relay perspektifyang dibangun dari satu sumber resmi tanpa narasi editorial yang mengarahkan opini pembaca.,"[{""type"":""good"",""text"":""Narasumber teridentifikasi jelas dengan jabatan lengkap (Wakil Ketua MPR RI, Politikus PAN)"",""note"":""Kredibilitas sumber primer terjaga.""},{""type"":""good"",""text"":""Data quantifikatif disebutkan (117 RT, 8 kecamatan, kedalaman air bervariasi)"",""note"":""Memberi kontekstualisasi faktual pada liputan.""},{""type"":""good"",""text"":""Terdapat tanggal dan sumber pernyataan (Selasa, 4/3/2025, siaran pers)"",""note"":""Kelayakan publikasi (newsworthiness) terpenuhi.""},{""type"":""warn"",""text"":""Seluruh isi artikel berasal dari satu sumber (siaran pers partai)"",""note"":""Praktik jurnalisme ideal mengharuskan konfirmasi silang dari pihak independen seperti BNPB, BMKG, atau pemerintah kota.""},{""type"":""warn"",""text"":""Tidak ada suara dari pemerintah daerah terkait (Gub/Plt. DKI atau Bekasi)"",""note"":""Ketimpangan供给 informasi dapat memunculkan kesan sepihak.""}]",253,0
8,Lagu Indonesia Raya Kena Royalti? Istana Menjawab,https://nasional.kompas.com/read/2025/08/15/18222151/lagu-indonesia-raya-kena-royalti-istana-menjawab,kompas,15 Agustus 2025,50,75,80,50,80,100,68,Perlu revisi,,,,[],161,0
9,Remaja Ditindak Polisi di Serpong karena Bawa Mobil Berpelat Asing,https://megapolitan.kompas.com/read/2025/04/29/19304221/remaja-ditindak-polisi-di-serpong-karena-bawa-mobil-berpelat-asing,kompas,29 April 2025,50,75,80,50,80,100,68,Perlu revisi,,,,[],262,0
10,LPSK Siap Berikan Perlindungan Saksi dan Korban Demo di DPR,https://nasional.kompas.com/read/2025/08/30/14290091/lpsk-siap-berikan-perlindungan-saksi-dan-korban-demo-di-dpr,kompas,30 Agustus 2025,50,75,80,50,80,100,68,Perlu revisi,,,,[],314,0
11,Perjuangan Diane Keaton Menghadapi Kanker Kulit dan Bulimia,https://www.tempo.co/gaya-hidup/perjuangan-diane-keaton-menghadapi-kanker-kulit-dan-bulimia-2078899,tempo,12 Oktober 2025 | 22.40 WIB,50,75,80,50,80,95,67,Perlu revisi,,,,[],333,0
12,Kondisi Terkini Kandidat Capres Kolombia Usai Ditembak 2 Kali di Kepala,https://news.detik.com/internasional/d-7959989/kondisi-terkini-kandidat-capres-kolombia-usai-ditembak-2-kali-di-kepala,detik,"Rabu, 11 Jun 2025 22:46 WIB",50,75,80,50,80,100,68,Perlu revisi,,,,[],286,0
13,Tidak Ada Nakes yang Terlibat di Sindikat Perdagangan Bayi di Depok-Bali,https://megapolitan.kompas.com/read/2024/09/18/20525821/tidak-ada-nakes-yang-terlibat-di-sindikat-perdagangan-bayi-di-depok-bali,kompas,18 September 2024,50,75,80,50,80,100,68,Perlu revisi,,,,[],310,5
14,Tiga Warga Dapat Penanganan Medis Akibat Kebakaran di Mangga Besar,https://megapolitan.kompas.com/read/2025/01/25/21561261/tiga-warga-dapat-penanganan-medis-akibat-kebakaran-di-mangga-besar,kompas,25 Januari 2025,50,75,80,50,80,100,68,Perlu revisi,,,,[],254,0
15,Polisi Akan Olah TKP Kebakaran Glodok Plaza Setelah Pembersihan,https://megapolitan.kompas.com/read/2025/02/21/18081981/polisi-akan-olah-tkp-kebakaran-glodok-plaza-setelah-pembersihan,kompas,21 Februari 2025,50,75,80,50,80,100,68,Perlu revisi,,,,[],346,0
16,Polda Riau Tangkap 2 Kurir Jaringan Internasional Penyelundup 44 Kg Sabu,https://news.detik.com/melindungi-tuah-marwah/d-8079151/polda-riau-tangkap-2-kurir-jaringan-internasional-penyelundup-44-kg-sabu,detik,"Senin, 25 Agu 2025 23:17 WIB",85,75,80,92,80,100,84,Layak terbit,"Berita kriminal yang legitimate dengan newsworthiness tinggi karena melibatkan narkoba jaringan internasional dan barang bukti besar (44 kg sabu). Sumber utama adalah pernyataan resmi pejabat polisi (Kombes Putu Yudha Prawira) yang dapat dipertanggungjawabkan. Detail faktual lengkap: tanggal, lokasi, plat nomor kendaraan, inisial dan usia pelaku. Informasi akurat dan kontekstual.","Pemberitaan sudah mengikuti standar jurnalistik yang baik: inisial pelaku digunakan (bukan nama lengkap) untuk melindungi presumption of innocence, tidak ada informasi keluarga atau alamat residence, tidak ada asumsi bersalah sebelum vonis hukum. Tidak ada unsur sensationalism berlebihan atau eksploitasi. Pelaporan faktual dan proporsional.","Pemberitaan straight news yang factual, proporsional, dan bertanggung jawab. Nada formal-informatif, tidak provokatif. Menggunakan struktur piramida terbalik dengan informasi utama di paragraf pembuka.",[],237,0
17,Badai Buntut Perang Iran-Israel,https://www.tempo.co/kolom/dampak-ekonomi-perang-iran-israel-1774656,tempo,22 Juni 2025 | 08.30 WIB,50,60,80,50,80,100,65,Perlu revisi,,,,[],65,0
18,"Guna Mengamankan Barang Bukti, Klinik Milik Dokter Palsu di Cipadu Dipasang Garis Polisi",https://megapolitan.kompas.com/read/2024/09/05/19401371/guna-mengamankan-barang-bukti-klinik-milik-dokter-palsu-di-cipadu,kompas,5 September 2024,50,75,80,50,80,100,68,Perlu revisi,,,,[],319,0
19,Prabowo Minta Legislator Gerindra Jaga Ucapan dan Larang Flexing,https://www.tempo.co/politik/prabowo-minta-legislator-gerindra-jaga-ucapan-dan-larang-flexing-2067824,tempo,8 September 2025 | 23.37 WIB,75,75,80,88,80,95,80,Layak terbit,"Berita straight-forward dengan newsworthiness tinggi karena menyangkut arahan resmi Ketua Umum partai kepada legislatornya. Sumber primer jelas: Sekjen Gerberinda Sugiono dan anggota DPR Ahmad Dhani yang hadir langsung dalam pertemuan tertutup. Informasi faktual tanpa klaim yang perlu diverifikasi. Namun, nilai dibatasi karena substansi reuniõesi cukup umum (larangan flexing, program pemerintah) dan tidak ada konteks analisis mendalam.","Tidak ditemukan masalah etika signifikan. Pemberitaan objektif tanpa fitnah, tuduhan, atau pelanggaran privasi. Semua kutipan dapat diverifikasi dari narasumber yang disebutkan. Bahasa netral dan tidak menghakimi.唯 perlu dicatat bahwa keputusan Sugiono tidak membeberkan substansi lain dari pertemuan dapat dianggap sebagai transparansi terbatas dari sumber.","Netral-informatif. Nada jurnalistik straight news yang straightforward, tidak memihak, dan sesuai SOP peliputan politik.","[{""type"":""good"",""text"":""Sumber kredibel - Sugiono (Sekjen partai) dan Ahmad Dhani (anggota DPR) hadir langsung"",""note"":""Narasumber memiliki legitimasi untuk menyampaikan informasi所涉及的会议内容""},{""type"":""good"",""text"":""Pemberitaan seimbang - menggunakan kutipan langsung dari dua narasumber berbeda"",""note"":""Memberikan sudut pandang dari pihak partai (Sugiono) dan legislator (Dhani)""},{""type"":""warn"",""text"":""Transparansi sumber terbatas - Sugiono sengaja tidak membeberkan substansi lain"",""note"":""Pembaca tidak mendapat gambaran utuh tentang hasil rapat""},{""type"":""good"",""text"":""Tidak ada bias atau opini redaksional yang terang"",""note"":""Artikel murni menyampaikan fakta pernyataan tanpa penafsiran sepihak""},{""type"":""warn"",""text"":""Tidak ada konteks atau analisis mendalam"",""note"":""Hanya memberitakan 'apa' tanpa 'mengapa' atau implikasi dari arahan tersebut""}]",348,0
20,"Ada Aksi Bela Palestina, Polisi Rekayasa Lalin di Sekitar Monas",https://megapolitan.kompas.com/read/2025/05/18/10035981/ada-aksi-bela-palestina-polisi-rekayasa-lalin-di-sekitar-monas,kompas,18 Mei 2025,88,75,80,94,80,100,86,Layak terbit,"Artikel的事实基础充分。作者明确标注了事件发生的时间（2025年5月18日，星期日）、地点（Monas，Jl. Medan Merdeka Selatan）、参与者人数（3,000人）、安全部署力量（662人，其中250人在主要集中点）。采访来源为Wakapolsek Gambir Kompol Dwi Haribowo，引用直接引语，来源可查证。Kompas.com记者现场观察记录交通状况与集会情况。属常规新闻报道，新闻价值在于公共安全与集会信息。",报道保持中立立场，未对巴以冲突进行价值判断，未使用带有倾向性的形容词或隐含偏见。提及'peristiwa Naksa'（灾难日）时使用历史中性表述，无煽动性内容。集会参与者穿着、携带旗帜横幅等细节属客观描述，未刻意强调或贬低。不涉及侵犯个人隐私，受访者为官方人员代表机构发声，符合新闻伦理规范。整篇报道以服务公众知情权与交通安全信息为核心导向，无明显伦理违规。,"Netral-informatif. Nada resmi dan objektif, menggunakan bahasa berita standar tanpa opini redaksi. Fakta disampaikan secara straight-forward tanpa menambahkan elemen emosional.","[{""type"":""good"",""text"":""Sumber atribu jelas – Wakapolsek Gambir Kompol DWI Haribowo dengan pernyataan langsung berserta konteks pengambilan statement."",""note"":""Pencatuman nama, pangkat, dan jabatan resmi narasumber memperkuat kredibilitas dan akuntabilitas informasi.""},{""type"":""good"",""text"":""Data kuantitatif spesifik – 662 personel gabungan, 250 personel fokus utama, 3.000 peserta aksi, pukul 06.00-08.30 WIB."",""note"":""Angka detail membantu pembaca memahami skala operasi keamanan dan demonstrasi secara proporsional.""},{""type"":""good"",""text"":""Pantauan langsung redaksi Kompas.com hingga pukul 09.30 WIB."",""note"":""Reporter berada di lokasi memberikan validasi langsung atas situasi lalu lintas dan kondisi aksi, memperkuat independensi pelaporan.""},{""type"":""good"",""text"":""Tidak memuat opini atau endorse terhadap isu politik yang diperjuangkan demonstran."",""note"":""Fokus artikel pada aspek rekayasa lalu lintas dan keamanan, bukan substansi politik aksi. Ini menjaga netralitas media.""},{""type"":""warn"",""text"":""Tidak ada kesempatan klarifikasi atau tanggapan dari pihak lain (penyelenggara aksi, atau pihak yang kontra)."",""note"":""Sepihak. Meskipun ini tipikal pada artikel breaking news, penyeimbangan suara dari penyelenggara aksi akan memperkuat fairness.""}]",202,0
21,"Pipa Besi Jatuh dari Atas Tol Penjaringan, Kios Warga Rusak",https://megapolitan.kompas.com/read/2025/08/06/22555091/pipa-besi-jatuh-dari-atas-tol-penjaringan-kios-warga-rusak,kompas,6 Agustus 2025,50,75,80,50,80,100,68,Perlu revisi,,,,[],153,0
22,DPR Minta Kejaksaan Kesampingkan Perkara Jovi Demi Kepentingan Umum,https://nasional.kompas.com/read/2024/11/21/18273771/dpr-minta-kejaksaan-kesampingkan-perkara-jovi-demi-kepentingan-umum,kompas,21 November 2024,50,75,80,50,80,100,68,Perlu revisi,,,,[],246,0
23,TNI Ungkap Isi Komunikasi dengan Ferry Irwandi,https://news.detik.com/berita/d-8110772/tni-ungkap-isi-komunikasi-dengan-ferry-irwandi,detik,"Sabtu, 13 Sep 2025 22:51 WIB",50,60,80,50,80,100,65,Perlu revisi,,,,[],328,0
24,Kata Greysia Polii Soal Persaingan dan Regenerasi Pemain Bulu Tangkis Sektor Ganda Putri Indonesia,https://www.tempo.co/olahraga/kata-greysia-polii-soal-persaingan-dan-regenerasi-pemain-bulu-tangkis-sektor-ganda-putri-indonesia-1064524,tempo,11 Oktober 2024 | 06.05 WIB,50,75,80,50,80,95,67,Perlu revisi,,,,[],401,0
25,"Ban Truk Copot Saat Melaju di Cilincing, Hantam Angkot tapi Sopir Tak Sadari",https://megapolitan.kompas.com/read/2025/03/19/22320601/ban-truk-copot-saat-melaju-di-cilincing-hantam-angkot-tapi-sopir-tak,kompas,19 Maret 2025,65,75,80,92,80,100,78,Layak terbit,"Peristiwa aktual dengan informasi dasar cukup lengkap (apa, kapan, di mana, dampak). Namun hanya bersumber dari satu warga tanpa konfirmasi pihak berwenang atau pengemudi angkot. Tidak ada data kendaraan yang jelas sehingga sulit diverifikasi atau ditindaklanjuti.","Tidak ada unsur SARA, fitnah, atau pelanggaran privasi. Identitas sopir tidak dicantumkan (bukan delik umum). Pencarian truk dilakukan secara wajar. Nadanya straight news. Catatan: penyebutan nama warga M Sarip cukup wajar karena ia dipilih sebagai narasumber sukarela.","Straight news netral, kronologis, tanpa opini. Standar pelaporan peristiwa kecelakaan ringan yang lazim.","[{""type"":""good"",""text"":""Pemberitaan cepat (hari yang sama, malam hari)"",""note"":""Relevan dengan waktu kejadian, memenuhi asas kebaruan.""},{""type"":""warn"",""text"":""Hanya satu sumber warga"",""note"":""Idealnya ditambah konfirmasi dari saksi lain, pengemudi angkot, atau pihak police/pengelola truk untuk penguatan fakta.""},{""type"":""warn"",""text"":""Kendaraan penyebab belum teridentifikasi"",""note"":""Tidak ada nomor polisi, nama sopir, atau data kendaraan yang bisa membantu proses identifikasi atau klarifikasi pihak terkait.""}]",135,6
26,Perjuangan Yuda PPSU Jakarta yang Tembus PON 2024: Giat Latihan Sebelum dan Sesudah Kerja,https://megapolitan.kompas.com/read/2024/09/12/16452121/perjuangan-yuda-ppsu-jakarta-yang-tembus-pon-2024-giat-latihan-sebelum,kompas,12 September 2024,50,75,80,50,80,100,68,Perlu revisi,,,,[],271,1
27,"KPU Luncurkan Indeks Partisipasi Pilkada 2024, Ukur Kualitas Demokrasi",https://nasional.kompas.com/read/2025/10/18/14554171/kpu-luncurkan-indeks-partisipasi-pilkada-2024-ukur-kualitas-demokrasi,kompas,18 Oktober 2025,50,75,80,50,80,100,68,Perlu revisi,,,,[],459,0
28,"Banyak Bencana, Cak Imin Beri 3 Pesan Ini untuk Seluruh Kader PKB",https://nasional.kompas.com/read/2025/03/09/20040431/banyak-bencana-cak-imin-beri-3-pesan-ini-untuk-seluruh-kader-pkb,kompas,9 Maret 2025,50,75,80,50,80,100,68,Perlu revisi,,,,[],244,0
29,KPK Tahan 4 Tersangka Kasus Dana Hibah Jatim,https://www.tempo.co/hukum/kpk-tahan-4-tersangka-kasus-dana-hibah-jatim-2075657,tempo,2 Oktober 2025 | 19.59 WIB,50,75,80,50,80,95,67,Perlu revisi,,,,[],470,0
30,"Soal Biaya Seragam SD Rp 1,1 Juta, Disdik Tangsel: Kepala Sekolah Akui Keliru",https://megapolitan.kompas.com/read/2025/07/17/18191811/soal-biaya-seragam-sd-rp-11-juta-disdik-tangsel-kepala-sekolah-akui,kompas,17 Juli 2025,50,75,80,50,80,100,68,Perlu revisi,,,,[],332,0
31,"Dana RT dan RW di Jakarta Akan Naik, Anggota DPRD Desak Kinerja Juga Ditingkatkan",https://megapolitan.kompas.com/read/2025/07/27/05530371/dana-rt-dan-rw-di-jakarta-akan-naik-anggota-dprd-desak-kinerja-juga,kompas,27 Juli 2025,50,75,80,50,80,100,68,Perlu revisi,,,,[],348,0
32,MA Tolak PK Surya Darmadi Dalam Kasus Penyerobotan Lahan,https://nasional.kompas.com/read/2024/09/27/18023161/ma-tolak-pk-surya-darmadi-dalam-kasus-penyerobotan-lahan,kompas,27 September 2024,50,75,80,50,80,100,68,Perlu revisi,,,,[],298,0
33,"Retreat Kepala Daerah Gelombang Kedua Dimulai Hari Ini, Apa Persamaan dan Perbedaannya dengan Sebelumnya?",https://nasional.kompas.com/read/2025/06/22/06361081/retreat-kepala-daerah-gelombang-kedua-dimulai-hari-ini-apa-persamaan-dan,kompas,22 Juni 2025,82,60,80,95,80,100,81,Layak terbit,"Artikel informatif dari Kompas.com dengan sumber kredibel (Wamendagri Bima Arya). Struktur naratif jelas, mencakup konteks gelombang pertama, detail acara (tanggal, lokasi, jumlah peserta, materi). Newsworthy sebagai informasi publik tentang program pemerintahan. Originalitas cukup standar untuk peliputan acara resmi.","Tidak ditemukan indikasi bias, fitnah, atau pelanggaran privasi. Bahasa netral dan objektif. Sumber diatribusikan dengan benar. Tidak ada konten yang berpotensi merugikan pihak tertentu.",Netral-informatif. Nada resmi-media pelaporan acara pemerintahan dengan gaya jurnalistik konvensional.,"[{""type"":""good"",""text"":""Sumber kredibel: Wamendagri Bima Arya"",""note"":""Dikutip langsung dengan lokasi dan tanggal yang jelas (IPDN Jatinangor, 19/6/2025)""},{""type"":""good"",""text"":""Struktur naratif komprehensif"",""note"":""Mencakup latar belakang (gelombang pertama), rincian acara, dan perbedaan/kesamaan""},{""type"":""good"",""text"":""Fakta akurat dan terverifikasi"",""note"":""Tanggal, lokasi, jumlah peserta (87), dan institusi terkait tertera jelas""},{""type"":""warn"",""text"":""Ketergantungan pada satu sumber"",""note"":""Hampir seluruh kutipan dari Bima Arya; perspektif peserta atau pihak lain tidak included""}]",274,0
34,Anggota DPRD DKI Kenneth Usulkan Calon Petugas PPSU Wajib Ber-KTP Jakarta,https://news.detik.com/berita/d-7860065/anggota-dprd-dki-kenneth-usulkan-calon-petugas-ppsu-wajib-ber-ktp-jakarta,detik,"Selasa, 08 Apr 2025 23:11 WIB",50,75,80,50,100,100,70,Perlu revisi,,,,[],755,0
35,Bahlil Klaim Banyak Aspirasi Minta Jokowi Jadi Kader Golkar,https://nasional.kompas.com/read/2024/11/07/19303931/bahlil-klaim-banyak-aspirasi-minta-jokowi-jadi-kader-golkar,kompas,7 November 2024,50,75,80,50,80,100,68,Perlu revisi,,,,[],307,0
36,Gibran Dapat Wejangan dari Jokowi Saat Momen Lebaran,https://news.detik.com/berita/d-7851458/gibran-dapat-wejangan-dari-jokowi-saat-momen-lebaran,detik,"Selasa, 01 Apr 2025 20:50 WIB",50,75,80,50,80,100,68,Perlu revisi,,,,[],162,9
37,Atnike Nova Sigiro: Penegakan HAM Tak Bisa Didasari Manuver Politik,https://www.tempo.co/wawancara/penegakan-ham-prabowo-subianto-1168695,tempo,17 November 2024 | 08.30 WIB,50,60,80,50,80,100,65,Perlu revisi,,,,[],97,0
38,Kata Fitra Eri soal Dipanggil Kejagung Terkait Kasus Tata Kelola Minyak,https://news.detik.com/berita/d-7809030/kata-fitra-eri-soal-dipanggil-kejagung-terkait-kasus-tata-kelola-minyak,detik,"Rabu, 05 Mar 2025 22:55 WIB",50,75,80,50,80,100,68,Perlu revisi,,,,[],368,0
39,Perjalanan Toleransi dalam Naskah Tua,https://www.tempo.co/arsip/perjalanan-toleransi-indonesia-457171,tempo,8 September 2024 | 00.00 WIB,50,60,80,50,80,100,65,Perlu revisi,,,,[],86,0
40,Penggabungan Banyak Kluster dalam Satu PP Kesehatan Dinilai Akan Timbulkan Masalah,https://nasional.kompas.com/read/2024/08/04/07405711/penggabungan-banyak-kluster-dalam-satu-pp-kesehatan-dinilai-akan-timbulkan,kompas,4 Agustus 2024,82,75,80,94,80,100,84,Layak terbit,"Artikel dari Kompas.com menggunakan sumber kredibel (Ketua Umum MHKI Mahesa Pranadipa) dengan atribusi jelas melalui keterangan tertulis. Topik kritik terhadap PP 28/2024 sebagai aturan turunan UU Kesehatan penting dan relevan bagi publik. Data pendukung cukup (100 isu dalam UU Kesehatan, berbagai kluster yang digabung). Namun, perspektif masih satu sisi (hanya dari MHKI) dan kurang adanya kontradiksi atau tanggapan dari pemerintah untuk keseimbangan.","Tidak ditemukan pelanggaran etika. Artikel tidak mengandung fitnah, serangan personal, atau pelanggaran privasi. Kritik disampaikan secara profesional terhadap kebijakan, bukan individu. Bahasa objektif dan tidak provokatif. Penyajian menggunakan kata-kata yang tepat seperti 'menuai pro dan kontra' dan 'menyoroti' yang menunjukkan这是一种意见而非事实。",Netral-informatif. Artikel menyampaikan kritik dari organisasi profesi secara proporsional tanpa tendensi sensasional.,"[{""type"":""good"",""text"":""Sumber kredibel - Ketua Umum MHKI dengan atribusi jelas"",""note"":""Penggunaan sumber dari organisasi profesi hukum kesehatan meningkatkan kredibilitas""},{""type"":""good"",""text"":""Klarifikasi konteks - 100 isu kesehatan seharusnya diatur terpisah per kluster"",""note"":""Memberikan latar belakang teknis yang membantu pembaca memahami substansi""},{""type"":""warn"",""text"":""Perspektif satu arah"",""note"":""Hanya memuat pandangan MHKI tanpa tanggapan resmi pemerintah atau pihak lain yang diuntungkan kebijakan ini""},{""type"":""warn"",""text"":""Identifikasi isu tanpa pendalaman"",""note"":""Disebutkan aturan STR seumur hidup, larangan diskon susu formula, rokok eceran, tapi tidak ada analisis dampak masing-masing""}]",340,0
41,Ombudsman Sebut Sistem Zonasi PPDB Diperlukan untuk Pemerataan Pendidikan,https://nasional.kompas.com/read/2024/11/24/16301851/ombudsman-sebut-sistem-zonasi-ppdb-diperlukan-untuk-pemerataan-pendidikan,kompas,24 November 2024,50,75,80,50,80,100,68,Perlu revisi,,,,[],347,0
42,"Kapolri Silaturahmi dengan Tokoh Lintas Agama Sumut, Wujud Sinergi Bangun Bangsa",https://news.detik.com/berita/d-8007540/kapolri-silaturahmi-dengan-tokoh-lintas-agama-sumut-wujud-sinergi-bangun-bangsa,detik,"Jumat, 11 Jul 2025 21:38 WIB",50,60,80,50,80,100,65,Perlu revisi,,,,[],242,0
43,"Jenazah Mayat Tanpa Kepala Diserahkan ke Keluarga, Dihadiri Adik dan Anak Korban",https://megapolitan.kompas.com/read/2024/11/02/15443341/jenazah-mayat-tanpa-kepala-diserahkan-ke-keluarga-dihadiri-adik-dan-anak,kompas,2 November 2024,50,60,80,50,80,100,65,Perlu revisi,,,,[],425,0
44,Alasan Ahmad Ali Hengkang dari Nasdem: PSI Partai Masa Depan,https://nasional.kompas.com/read/2025/09/26/19325221/alasan-ahmad-ali-hengkang-dari-nasdem-psi-partai-masa-depan,kompas,26 September 2025,78,75,80,88,80,100,82,Layak terbit,"Artikel straight-forward tentang perpindahan politik Ahmad Ali dari Nasdem ke PSI. Memiliki newsworthiness sedang karena melibatkan figur politik. Sumber utama dari pernyataan langsung subjek berita (Ahmad Ali) dengan kronologi jelas: lokasi (Djakarta Theater), waktu (26/9/2025), dan konteks pelantikan. Namun ketiadaan konfirmasi dari pihak Nasdem/Surya Paloh membuat berita sedikit timpang sebelah. Tidak ada upaya konfirmasi ke pihak yang disandingkan beritanya.","Secara umum bersih dari masalah etika. Tidak ada fitnah, tidak ada pencemaran nama baik, dan privasi terjaga. Penggunaan istilah 'say goodbye' yang ditoor oleh subjek berita cukup proporsional. Namun ada catatan: menempatkan pernyataan subjek berita tanpa konfirmasi dari pihak lain (Surya Paloh/Nasdem) sedikit tidak seimbang, meski bukan pelanggaran berat karena memang berita soal keputusan satu pihak.","Netral-informatif. Wartawan tidak menambahkan opini pribadi, cukup menggambarkan peristiwa dan menyertakan kutipan langsung. Cocok untuk kategori straight news politik.","[{""type"":""good"",""text"":""Menggunakan atribusi jelas (nama, waktu, lokasi) dan kutipan langsung verbatim"",""note"":""Praktik jurnalistik standar terpenuhi""},{""type"":""good"",""text"":""Tidak ada tendensi fitnah atau serangan personal terhadap Surya Paloh"",""note"":""Meskipun berita tentang konflik/partai,媒体报道 tetap terjaga netral""},{""type"":""warn"",""text"":""Tidak ada konfirmasi dari pihak Nasdem/Surya Paloh"",""note"":""Feeding satu sisi (one-sided sourcing). Idealnya wartawam mencari respons pihak Nasdem untuk keseimbangan""},{""type"":""warn"",""text"":""Frasa 'nyangkut', 'nyatu' - sedikit non-formal untuk media nasional"",""note"":""Menggunakan bahasa santai subjek berita yang mungkin mengurangi bobot jurnalistik, meski ini pilihan editorial yang bisa dipertanggungjawabkan untuk warna языка""}]",306,7
45,Tekad Prabowo Jadikan RI Negara Bersih dan Rakyat Bahagia,https://news.detik.com/berita/d-7619315/tekad-prabowo-jadikan-ri-negara-bersih-dan-rakyat-bahagia,detik,"Sabtu, 02 Nov 2024 20:36 WIB",50,75,80,50,80,100,68,Perlu revisi,,,,[],196,0
46,Kronologi GRIB Jaya Duduki Lahan Milik BMKG hingga 17 Orang Diamankan,https://news.detik.com/berita/d-7931026/kronologi-grib-jaya-duduki-lahan-milik-bmkg-hingga-17-orang-diamankan,detik,"Sabtu, 24 Mei  2025 23:15 WIB",50,75,80,50,80,100,68,Perlu revisi,,,,[],477,2
47,Anggota TNI AL Akui Tembak Paha dan Dada Bos Rental Mobil,https://megapolitan.kompas.com/read/2025/03/03/19264091/anggota-tni-al-akui-tembak-paha-dan-dada-bos-rental-mobil,kompas,3 Maret 2025,50,75,80,50,80,100,68,Perlu revisi,,,,[],251,1
48,Prabowo Perintahkan Kemendiktisaintek Siapkan 2.000 Orang untuk Bekerja di Sektor Strategis,https://www.tempo.co/politik/prabowo-perintahkan-kemendiktisaintek-siapkan-2-000-orang-untuk-bekerja-di-sektor-strategis-2080224,tempo,16 Oktober 2025 | 16.40 WIB,50,75,80,50,80,95,67,Perlu revisi,,,,[],240,0
49,"Pemkot Bogor Belum Mampu Tertibkan Pasar Tumpah, meski Puluhan Tahun Jadi Penyebab Kemacetan",https://megapolitan.kompas.com/read/2024/09/13/17145761/pemkot-bogor-belum-mampu-tertibkan-pasar-tumpah-meski-puluhan-tahun-jadi,kompas,13 September 2024,50,75,80,50,80,100,68,Perlu revisi,,,,[],309,0
50,Rencana Relokasi Warga Sekitar Radiasi CS-137,https://www.tempo.co/foto/arsip/rencana-relokasi-warga-sekitar-radiasi-cs-137-2077908,tempo,9 Oktober 2025 | 15.00 WIB,50,60,80,50,80,100,65,Perlu revisi,,,,[],133,0
51,"Timses Ridwan Kamil-Suswono Ancam Laporkan ke DKPP, KPU Jakarta: Kami Siap",https://megapolitan.kompas.com/read/2024/12/04/18563641/timses-ridwan-kamil-suswono-ancam-laporkan-ke-dkpp-kpu-jakarta-kami-siap,kompas,4 Desember 2024,50,75,80,50,80,100,68,Perlu revisi,,,,[],370,0
52,Hasil Liga 1: Duel Arema FC vs PSM Makassar Berakhir dengan Skor Imbang 1-1,https://www.tempo.co/sepakbola/hasil-liga-1-duel-arema-fc-vs-psm-makassar-berakhir-dengan-skor-imbang-1-1-1205210,tempo,10 Februari 2025 | 17.48 WIB,50,60,80,50,80,95,64,Perlu revisi,,,,[],400,3
53,Capim Alamsyah Saragih Sebut KPK Harusnya Fokus ke Kasus Besar dan Strategis,https://news.detik.com/berita/d-7646983/capim-alamsyah-saragih-sebut-kpk-harusnya-fokus-ke-kasus-besar-dan-strategis,detik,"Selasa, 19 Nov 2024 22:59 WIB",50,75,80,50,80,100,68,Perlu revisi,,,,[],372,0
54,Penjelasan Shell soal Rencana Lepas Bisnis SPBU di RI Mulai 2026,https://www.tempo.co/ekonomi/penjelasan-shell-soal-rencana-lepas-bisnis-spbu-di-ri-mulai-2026-2074209,tempo,28 September 2025 | 21.15 WIB,50,75,80,50,80,95,67,Perlu revisi,,,,[],463,0
55,"Warteg di Penjaringan Jakut Terbakar, 15 Unit Mobil Damkar Dikerahkan",https://news.detik.com/berita/d-7480576/warteg-di-penjaringan-jakut-terbakar-15-unit-mobil-damkar-dikerahkan,detik,"Kamis, 08 Agu 2024 22:05 WIB",50,75,80,50,80,100,68,Perlu revisi,,,,[],121,0
56,"Satpam Otak Curanmor Jual Motor Curian ke Sumatera, Sekali Kirim 10 Unit",https://news.detik.com/berita/d-7530002/satpam-otak-curanmor-jual-motor-curian-ke-sumatera-sekali-kirim-10-unit,detik,"Sabtu, 07 Sep 2024 21:33 WIB",50,75,80,50,80,100,68,Perlu revisi,,,,[],322,0
57,Jokowi dan Zulhas Jadi Saksi Pernikahan Wali Kota Tegal,https://www.tempo.co/politik/jokowi-dan-zulhas-jadi-saksi-pernikahan-wali-kota-tegal-2078318,tempo,10 Oktober 2025 | 16.48 WIB,50,75,80,50,80,95,67,Perlu revisi,,,,[],327,3
58,Polri Cek Laporan Jusuf Kalla terhadap Agung Laksono soal Kisruh Ketum PMI,https://nasional.kompas.com/read/2024/12/09/17054061/polri-cek-laporan-jusuf-kalla-terhadap-agung-laksono-soal-kisruh-ketum-pmi,kompas,9 Desember 2024,50,75,80,50,80,100,68,Perlu revisi,,,,[],240,4
59,"Usai Dilantik, Dofiri dan Djamari Langsung Menghadap Prabowo",https://nasional.kompas.com/read/2025/09/17/18383301/usai-dilantik-dofiri-dan-djamari-langsung-menghadap-prabowo,kompas,17 September 2025,50,75,80,50,80,100,68,Perlu revisi,,,,[],275,0
60,"Menko AHY Ungkap 3 Proyek Infrastruktur yang Dilanjutkan, Termasuk IKN",https://nasional.kompas.com/read/2024/11/07/20384261/menko-ahy-ungkap-3-proyek-infrastruktur-yang-dilanjutkan-termasuk-ikn,kompas,7 November 2024,88,75,80,96,80,100,86,Layak terbit,"Artikel bersumber dari Kompas.com dengan informasi langsung dari pernyataan resmi Menko AHY dalam Rakornas. Topik pembangunan infrastruktur nasional sangat relevan danewsworthy. Konten faktual mencakup tiga proyek utama: kelanjutan IKN Nusantara, Giant Sea Wall/NCICD, dan program kesejahteraan. Penyampaian informatif dengan kutipan langsung dari narasumber. Tidak ada manipulasi atau klaim tidak terverifikasi.","Pemberitaan sangat etis. Tidak ada unsur sensasionalisme, fitnah, atau ujaran kebencian. Tidak ada pelanggaran privasi. Bahasa jurnalistik netral dan objektif. Pernyataan bersifat institusional dari pejabat pemerintah terkait program pembangunan. Framing positif konstruktif terhadap kebijakan infrastruktur pemerintah.","Netral-informatif. Nada resmi dan institusional, sesuai konteks pernyataan Menko dalam forum Rakornas.","[{""type"":""good"",""text"":""Sumber terpercaya - Kompas.com (media mainstream terverifikasi)"",""note"":""Media nasional bereputasi baik sebagai sumber berita""},{""type"":""good"",""text"":""Kutipan langsung dari narasumber berwenang"",""note"":""Pernyataan Menko AHY sebagai autoritas kompeten memberikan bobot berita""},{""type"":""good"",""text"":""Konten faktual dan balanced"",""note"":""Menyajikan informasi aktual tanpa opini berlebihan""},{""type"":""good"",""text"":""Tidak ada pelanggaran etika atau privasi"",""note"":""Pemberitaan bersih dari unsur negatif""}]",333,0
61,"Menko Zulhas, Menkop hingga Raffi Ahmad Hadiri Munas Rekonsiliasi Dekopin",https://news.detik.com/berita/d-7706542/menko-zulhas-menkop-hingga-raffi-ahmad-hadiri-munas-rekonsiliasi-dekopin,detik,"Jumat, 27 Des 2024 20:56 WIB",50,75,80,50,80,100,68,Perlu revisi,,,,[],356,0
62,Presiden Kolombia Samakan Penderitaan Warga Gaza dengan Yesus,https://www.tempo.co/internasional/presiden-kolombia-samakan-penderitaan-warga-gaza-dengan-yesus-1233181,tempo,20 April 2025 | 07.00 WIB,50,75,80,50,80,95,67,Perlu revisi,,,,[],386,0
63,"Partisipasi Pemilih di Pilkada Jakarta dan Sumut Rendah, Hanya 57 dan 55 Persen",https://nasional.kompas.com/read/2024/11/29/16432371/partisipasi-pemilih-di-pilkada-jakarta-dan-sumut-rendah-hanya-57-dan-55,kompas,29 November 2024,50,75,80,50,80,100,68,Perlu revisi,,,,[],289,0
64,"Anggota KKB Egianus Kogoya Ditangkap, Pernah Tembak Pesawat dan Bantai Warga",https://nasional.kompas.com/read/2025/08/07/20302041/anggota-kkb-egianus-kogoya-ditangkap-pernah-tembak-pesawat-dan-bantai-warga,kompas,7 Agustus 2025,50,75,80,50,80,100,68,Perlu revisi,,,,[],421,0
65,Respons PDIP Setelah Hendrar Prihadi Dicopot dari Kepala LKPP,https://www.tempo.co/politik/respons-pdip-setelah-hendrar-prihadi-dicopot-dari-kepala-lkpp-2071020,tempo,18 September 2025 | 14.55 WIB,50,75,80,50,80,95,67,Perlu revisi,,,,[],276,0
66,"Bella Shofie Mundur dari Jabatan Anggota DPRD Buru, Maluku",https://www.tempo.co/hiburan/bella-shofie-mundur-dari-jabatan-anggota-dprd-buru-maluku-2065117,tempo,31 Agustus 2025 | 17.06 WIB,50,75,80,50,80,95,67,Perlu revisi,,,,[],401,0
67,"Ingin Menantunya Tetap Diproses Hukum, Ayah Korban KDRT di Cilincing: Dia Tidak Akan Berubah",https://megapolitan.kompas.com/read/2024/08/23/20101721/ingin-menantunya-tetap-diproses-hukum-ayah-korban-kdrt-di-cilincing-dia,kompas,23 Agustus 2024,50,75,80,50,80,100,68,Perlu revisi,,,,[],264,12
68,Nusron Wahid Pastikan:Pencabutan SHGB Berjalan Sesuai Aturan,https://news.detik.com/berita/d-7791070/nusron-wahid-pastikan-pencabutan-shgb-berjalan-sesuai-aturan,detik,"Sabtu, 22 Feb 2025 21:01 WIB",50,75,80,50,80,100,68,Perlu revisi,,,,[],310,12
69,PLN Buka Lowongan Kerja untuk Lulusan D3 hingga S2,https://www.tempo.co/ekonomi/pln-buka-lowongan-kerja-untuk-lulusan-d3-hingga-s2-2074678,tempo,30 September 2025 | 11.10 WIB,50,75,80,50,80,95,67,Perlu revisi,,,,[],261,0
70,RW di Bekasi Akan Gunakan Dana Hibah Rp 100 Juta untuk Beli Laptop dan Pagar Anti Maling,https://megapolitan.kompas.com/read/2025/10/07/22563781/rw-di-bekasi-akan-gunakan-dana-hibah-rp-100-juta-untuk-beli-laptop-dan,kompas,7 Oktober 2025,72,75,80,95,80,100,81,Layak terbit,"Liputan lapangan yang solid dengan dua narasumber teridentifikasi (nama lengkap, jabatan, lokasi). Wartawan menyertakan konteks (program pemerintah kota), waktu, dan tempat. Namun belum ada konfirmasi resmi dari pemerintah kota, hanya bergantung pada perspektif warga. Tidak ada data tambahan seperti jumlah RW penerima atau mekanisme akuntabilitas dana.","Tidak ada masalah etika. Narasumber berbicara untuk kepentingan komunitasnya sendiri. Tidak ada tuduhan, fitnah, atau invasif terhadap privasi siapa pun. Nada netral dan proporsional.","Naratif-informatif, lugas, dan proporsional. Wartawan menyajikan rencana penggunaan dana hibah dari perspektif dua RW berbeda tanpa manipulasi emosional.","[{""type"":""good"",""text"":""Narasumber terverifikasi dengan nama lengkap, jabatan (Ketua RW), dan lokasi spesifik."",""note"":""Praktik jurnalisme dasar yang baik.""},{""type"":""good"",""text"":""Kutipan langsung yang relevan dan representatif terhadap rencana penggunaan dana."",""note"":""Membantu pembaca memahami kebutuhan riil warga.""},{""type"":""warn"",""text"":""Tidak ada konfirmasi atau klarifikasi dari Pemerintah Kota Bekasi."",""note"":""Sebagai pihak yang menggelontorkan kebijakan, perspektif resmi penting untuk equilibrio.""},{""type"":""warn"",""text"":""Hanya dua RW yang diwawancarai dari total RW yang tersebar di Kota Bekasi."",""note"":""Belum representatif menggambarkan respons menyeluruh terhadap program.""}]",325,0
71,Ukraina Tuding Rusia akan Kerahkan 10.000 Tentara Korut dalam Perang,https://news.detik.com/internasional/d-7593492/ukraina-tuding-rusia-akan-kerahkan-10-000-tentara-korut-dalam-perang,detik,"Kamis, 17 Okt 2024 22:44 WIB",78,60,80,72,80,100,76,Layak terbit,"Artikel memberitakan tuduhan Zelensky tentang 10.000 tentara Korut di Ukraina dengan sumberAFP dan liputan multilokasi (Brussels, Washington, Paris, Berlin, Roma, London). Info terkini Putin-Kim Juni 2024, konteks invasi 2022. Namun tidak ada konfirmasi dari intelijen Ukraina secara independen; tidak ada pihak Rusia/Pyongyang yang dikutif membantah langsung di paragraf terpisah. Angka '10.000' hanya bersumber dari satu orang (Zelensky). Kurang kedalaman analisis dampak geopolitik.","Peringatan Zelensky 'Langkah pertama menuju perang dunia' bersifat hiperbolik & berpotensi sensasional. Label 'musuh' terhadap Rusia dan frasa 'dituduh' digunakan konsisten, menunjukkan netralitas sudah baik. Tidak ada upaya doxxing atau pelanggaran privasi individu. Namun narasi sangat satu arah (hanya perspektif Ukraina) tanpa kontrapoin langsung dari Moskow/Pyongyang yang terstruktur.",Netral-tegangan dengan kecenderungan pro-Ukraina; nada serius dan peringatan.,"[{""type"":""good"",""text"":""Sumber utama AFP, kantor berita terpercaya"",""note"":""Penggunaan sumber internasional terverifikasi""},{""type"":""good"",""text"":""Kontekstualisasi hubungan Rusia-Korut sejak Perang Dunia II hingga Juni 2024"",""note"":""Memberikan latar belakang historis yang membantu pembaca""},{""type"":""good"",""text"":""Rincian jadwal Zelensky tour ke 5 ibu kota Barat"",""note"":""Memberikan dimensi diplomasi yang komprehensif""},{""type"":""warn"",""text"":""Angka '10.000 tentara' hanya bersumber dari pernyataan Zelensky tanpa konfirmasi independen"",""note"":""Perlu klarifikasi apakah angka ini sudah terverifikasi atau estimasi""},{""type"":""warn"",""text"":""Moskow dan Pyongyang tidak dikutif membantah langsung, hanya disebutkan 'dibantah'"",""note"":""Prinsip keadilan memerlukan kontrapoin yang setara""},{""type"":""bad"",""text"":""Peringatan 'langkah pertama menuju perang dunia' bersifat spekulatif dan hiperbolik"",""note"":""Pernyataan pejabat yang bisa memicu ketegangan geopolitik tambahan""}]",297,0
72,Pemerintah Gandeng Akademisi Jalani Pemantauan Aktif Vaksinasi DBD pada Anak,https://www.tempo.co/gaya-hidup/pemerintah-gandeng-akademisi-jalani-pemantauan-aktif-vaksinasi-dbd-pada-anak-2076301,tempo,4 Oktober 2025 | 20.30 WIB,50,75,80,50,100,95,69,Perlu revisi,,,,[],851,0
73,Lagu Band Sukatani dan Tagline No Justice No Peace Disuarakan Aksi Indonesia Gelap BEM Nusantara Jawa Barat,https://www.tempo.co/politik/lagu-band-sukatani-dan-tagline-no-justice-no-peace-disuarakan-aksi-indonesia-gelap-bem-nusantara-jawa-barat--1211208,tempo,24 Februari 2025 | 08.16 WIB,50,75,80,50,80,95,67,Perlu revisi,,,,[],388,0
74,KKP Akui Sulit Panggil 2 Perusahaan Pemilik SHGB di Laut Tangerang: Alamat Kantornya Berubah-Ubah,https://www.tempo.co/ekonomi/kkp-akui-sulit-panggil-2-perusahaan-pemilik-shgb-di-laut-tangerang-alamat-kantornya-berubah-ubah-1201303,tempo,1 Februari 2025 | 10.32 WIB,50,75,80,50,80,95,67,Perlu revisi,,,,[],480,0
75,"Sewa Stadion JIS Disebut Mahal, Dharma Pongrekun: Kalau Anggaran Ada, Kami Gratiskan",https://megapolitan.kompas.com/read/2024/08/29/22172261/sewa-stadion-jis-disebut-mahal-dharma-pongrekun-kalau-anggaran-ada-kami,kompas,29 Agustus 2024,50,75,80,50,80,100,68,Perlu revisi,,,,[],250,0
76,"Jelang Idul Adha: Dua Hewan Kurban Selain Kambing, Sapi, Domba",https://www.tempo.co/ramadan/jelang-idul-adha-dua-hewan-kurban-selain-kambing-sapi-domba-1513983,tempo,22 Mei 2025 | 19.11 WIB,78,75,80,97,80,95,82,Layak terbit,"Artikel informatif dan edukatif tentang syarat hewan kurban. Sumber merujuk pada Badan Amil Zakat Nasional dan Antara, serta hadits dari Al-Bara' bin 'Azib RA (Tirmidzi, Ibnu Hibban). Struktur jelas dengan poin-poin terstruktur. Namun bersifat konten evergreen/keagamaan umum, bukan berita terkini dengan news value tinggi.","Tidak ada masalah etika. Artikel tenang, non-sensasional, murni konten edukatif keagamaan. Tidak mengandung ujaran kebencian, fitnah, bias, atau pelanggaran privasi. Pencantuman 'klik di sini' berulang menunjukkan model monetisasi iklan platform, bukan konten yang bermasalah.","Netral-informatif. Bahasa formal media mainstream Indonesia, cocok untuk pembaca luas.","[{""type"":""good"",""text"":""Sumber kredibel: Badan Amil Zakat Nasional dan Antara"",""note"":""Institusi resmi pemerintah dan berita Wire Service""},{""type"":""good"",""text"":""Referensi hadits sahih: Al-Bara' bin 'Azib RA (Tirmidzi, Ibnu Hibban)"",""note"":""Menunjukkan dasar dalil yang jelas""},{""type"":""good"",""text"":""Struktur循ruler: numbered list dengan penjelasan jelas"",""note"":""Mudah dibaca dan dipahami""},{""type"":""warn"",""text"":""Model monetisasi 'klik di sini' berulang"",""note"":""Iklan sisipan tidak mengganggu isi artikel tapi mengurangi kenyamanan baca""},{""type"":""warn"",""text"":""Konten evergreen - bukan breaking news"",""note"":""Low newsworthiness karena informasi bersifat umum dan berulang setiap tahun""}]",375,0
77,"Polisi Bongkar 5,1 Kg Sabu Dikendalikan Napi di Lapas Nunukan",https://news.detik.com/berita/d-7835674/polisi-bongkar-5-1-kg-sabu-dikendalikan-napi-di-lapas-nunukan,detik,"Jumat, 21 Mar 2025 22:45 WIB",50,60,80,50,80,100,65,Perlu revisi,,,,[],236,0
78,Respons KPK Atas Kritik Megawati Hanya Tangani Kasus Korupsi Kecil,https://nasional.kompas.com/read/2025/01/10/23062141/respons-kpk-atas-kritik-megawati-hanya-tangani-kasus-korupsi-kecil,kompas,10 Januari 2025,50,75,80,50,80,100,68,Perlu revisi,,,,[],343,0
79,"HUT TNI, Brimob Polda Metro Kunjungi Mako Korps Marinir di Kwitang",https://news.detik.com/berita/d-8146546/hut-tni-brimob-polda-metro-kunjungi-mako-korps-marinir-di-kwitang,detik,"Minggu, 05 Okt 2025 20:16 WIB",50,60,80,50,80,100,65,Perlu revisi,,,,[],225,0
80,"Ramai Sarjana Daftar Petugas PPSU di Jakarta, Berapa Gajinya?",https://www.tempo.co/ekonomi/ramai-sarjana-daftar-petugas-ppsu-di-jakarta-berapa-gajinya--1965682,tempo,11 Juli 2025 | 17.50 WIB,50,75,80,50,80,95,67,Perlu revisi,,,,[],424,0
81,Prabowo Akan Terbitkan Keppres Terkait Abolisi dan Amnesti,https://news.detik.com/berita/d-8039378/prabowo-akan-terbitkan-keppres-terkait-abolisi-dan-amnesti,detik,"Kamis, 31 Jul 2025 22:13 WIB",78,75,80,88,80,100,82,Layak terbit,Artikel的事实性报道，来源清晰（司法部长、苏普拉特曼、达斯科·艾哈迈德），包含具体日期、机构名称和引用。但仅从政府/执政联盟角度报道，缺乏反对党、司法机构或法学专家的声音以达致平衡。新闻价值高，涉及重大刑事案件的法律救济决定。,报道客观，未涉及诽谤或隐私侵犯。被提及者均为公众人物，新闻来源于官方正式程序。但值得注意：文章对阿姆尼斯蒂和特赦的法律概念有基本阐述，但未提及这可能引发的公众争议或潜在道德风险讨论。, Nada artikel netral dan informatif. Pelaporan straight news dengan sumber teridentifikasi jelas. Kurangnya perspektif kritis atau penyeimbang menjadi kelemahan utama. Tidak ada indikasi bias politik eksplisit dalam pilihan kata atau framing.,"[{""type"":""good"",""text"":""Sumber teridentifikasi jelas (Menkumham Supratman, Waka DPR Sufmi Dasco Ahmad)"",""note"":""Praktik jurnalisme baik dengan attribution yang jelas""},{""type"":""good"",""text"":""Kutipan langsung dari narasumber"",""note"":""原话引用增加可信度和透明ansi""},{""type"":""warn"",""text"":""Hanya perspektif pemerintah dan fraksi-fraksi yang setuju"",""note"":""Tidak ada komentar dari反对党 atau критик tentang keputusan ini""},{""type"":""warn"",""text"":""Tidak ada konteks yuridis atau pendapat ahli hukum"",""note"":""Abolisi dan amnesti adalah konsep hukum yang kompleks,perspektif hukum akan menambah kedalaman artikel""},{""type"":""bad"",""text"":""Tidak disebutkan status kasus hukum Tom Lembong secara spesifik"",""note"":""Pembaca tidak mendapat konteks tentang 为什么需要abolisi""}]",252,0
82,"Terjadi dari Mei-September 2024, Apa Itu Deflasi dan Penyebabnya?",https://www.tempo.co/ekonomi/terjadi-dari-mei-september-2024-apa-itu-deflasi-dan-penyebabnya--2549,tempo,5 Oktober 2024 | 10.32 WIB,50,75,80,50,80,95,67,Perlu revisi,,,,[],362,0
83,"Tak Lagi Jadi Menteri, Muhadjir Bakal Kembali Mengajar di Kampus",https://nasional.kompas.com/read/2024/10/17/22392791/tak-lagi-jadi-menteri-muhadjir-bakal-kembali-mengajar-di-kampus,kompas,17 Oktober 2024,50,75,80,50,80,100,68,Perlu revisi,,,,[],345,0
84,"Countdown HUT ke-500 Jakarta Dikritik, Rano Karno: Engga Ada Anggaran Dibuang",https://megapolitan.kompas.com/read/2025/05/31/22184951/countdown-hut-ke-500-jakarta-dikritik-rano-karno-engga-ada-anggaran,kompas,31 Mei 2025,50,75,80,50,80,100,68,Perlu revisi,,,,[],251,12
85,Harta Kekayaan Prabowo dan Gibran Dirilis KPK,https://news.detik.com/berita/d-8026108/harta-kekayaan-prabowo-dan-gibran-dirilis-kpk,detik,"Rabu, 23 Jul 2025 22:39 WIB",50,60,80,50,100,95,66,Perlu revisi,,,,[],515,31
86,Warga Sebut Mobil Nyangkut di Separator Margonda Usai Tabrak 5 Kendaraan,https://news.detik.com/berita/d-7486696/warga-sebut-mobil-nyangkut-di-separator-margonda-usai-tabrak-5-kendaraan,detik,"Senin, 12 Agu 2024 22:04 WIB",50,75,80,50,80,100,68,Perlu revisi,,,,[],396,4
87,"Selain Jokowi dan Anies, NasDem Juga Undang Prabowo ke Kongres III Besok",https://news.detik.com/berita/d-7507122/selain-jokowi-dan-anies-nasdem-juga-undang-prabowo-ke-kongres-iii-besok,detik,"Sabtu, 24 Agu 2024 23:39 WIB",50,75,80,50,80,100,68,Perlu revisi,,,,[],271,0
88,Ridwan Kamil Tak Bisa Hadiri Penetapan Pramono-Rano sebagai Gubernur-Wakil Gubernur Jakarta,https://megapolitan.kompas.com/read/2025/01/08/16284141/ridwan-kamil-tak-bisa-hadiri-penetapan-pramono-rano-sebagai-gubernur,kompas,8 Januari 2025,50,75,80,50,80,100,68,Perlu revisi,,,,[],246,0
89,Cerpen Gardenia dan Suaranya,https://www.tempo.co/teroka/cerpen-horor-musik-jazz-di-kedai-kopi-2071563,tempo,20 September 2025 | 09.00 WIB,50,60,80,50,80,100,65,Perlu revisi,,,,[],56,2
90,"Beli Rumah Rp 1,4 Miliar di Depok, Pembeli Kecewa Hanya Dapat Bangunan Setengah Jadi",https://megapolitan.kompas.com/read/2025/09/11/22012221/beli-rumah-rp-14-miliar-di-depok-pembeli-kecewa-hanya-dapat-bangunan,kompas,11 September 2025,50,75,80,50,80,100,68,Perlu revisi,,,,[],322,0
91,Prabowo Minta Pembangunan di 4 Provinsi Papua Diprioritaskan,https://nasional.kompas.com/read/2025/02/18/20190461/prabowo-minta-pembangunan-di-4-provinsi-papua-diprioritaskan,kompas,18 Februari 2025,50,75,80,50,80,100,68,Perlu revisi,,,,[],281,0
92,Ridwan Kamil Siapkan 70 Program di Jakarta: Intinya Lanjutkan Anies-Heru,https://news.detik.com/pilkada/d-7496579/ridwan-kamil-siapkan-70-program-di-jakarta-intinya-lanjutkan-anies-heru,detik,"Minggu, 18 Agu 2024 21:21 WIB",50,75,80,50,80,100,68,Perlu revisi,,,,[],376,0
93,Purbaya akan Realokasi Anggaran Jika Tak Terserap Optimal,https://www.tempo.co/video/arsip/purbaya-akan-realokasi-anggaran-jika-tak-terserap-optimal-2079720,tempo,15 Oktober 2025 | 11.00 WIB,50,75,80,50,80,95,67,Perlu revisi,,,,[],306,5
94,Ketua Banggar DPR Dorong Evaluasi Menteri dengan Ukuran Objektif,https://news.detik.com/berita/d-8168537/ketua-banggar-dpr-dorong-evaluasi-menteri-dengan-ukuran-objektif,detik,"Minggu, 19 Okt 2025 21:56 WIB",50,75,80,50,80,100,68,Perlu revisi,,,,[],393,0
95,Dasco Sebut Pembekalan Calon Menteri Prabowo Digelar di Hambalang Lusa,https://news.detik.com/berita/d-7588086/dasco-sebut-pembekalan-calon-menteri-prabowo-digelar-di-hambalang-lusa,detik,"Senin, 14 Okt 2024 22:36 WIB",50,75,80,50,80,100,68,Perlu revisi,,,,[],120,0
96,Biaya Harian Wisatawan Venesia Tahun 2026 Berlaku 60 Hari,https://www.tempo.co/hiburan/biaya-harian-wisatawan-venesia-tahun-2026-berlaku-60-hari-2071758,tempo,21 September 2025 | 06.57 WIB,50,75,80,50,80,95,67,Perlu revisi,,,,[],397,0
97,"Beredar Foto Napi Rutan Salemba Main Ponsel, Kepala Rutan Janji Tindak Tegas",https://megapolitan.kompas.com/read/2025/03/25/22422741/beredar-foto-napi-rutan-salemba-main-ponsel-kepala-rutan-janji-tindak,kompas,25 Maret 2025,50,75,80,50,80,100,68,Perlu revisi,,,,[],256,0
98,"13 Jembatan Kalimalang Dibongkar, Warga Cemas Putar Balik Hilang dan Macet Makin Parah",https://megapolitan.kompas.com/read/2025/08/25/21144001/13-jembatan-kalimalang-dibongkar-warga-cemas-putar-balik-hilang-dan-macet,kompas,25 Agustus 2025,50,75,80,50,80,100,68,Perlu revisi,,,,[],234,0
99,Dari Bandung ke Ancol Demi Habiskan Waktu Libur Panjang,https://megapolitan.kompas.com/read/2025/01/26/18520831/dari-bandung-ke-ancol-demi-habiskan-waktu-libur-panjang,kompas,26 Januari 2025,50,75,80,50,80,100,68,Perlu revisi,,,,[],219,15
100,"Ada 97 WNI yang Dievakuasi dari Iran, Baru 11 Tiba di Jakarta",https://megapolitan.kompas.com/read/2025/06/24/21442051/ada-97-wni-yang-dievakuasi-dari-iran-baru-11-tiba-di-jakarta,kompas,24 Juni 2025,50,75,80,50,80,100,68,Perlu revisi,,,,[],276,0
101,Dasco Sebut Tim Supervisi DPR Mulai Kaji Hasil Penulisan Ulang Sejarah oleh Pemerintah,https://nasional.kompas.com/read/2025/07/25/17371871/dasco-sebut-tim-supervisi-dpr-mulai-kaji-hasil-penulisan-ulang-sejarah-oleh,kompas,25 Juli 2025,50,75,80,50,80,100,68,Perlu revisi,,,,[],347,0
102,Jaksa Agung ST Burhanuddin Bantah Isu Mundur,https://nasional.kompas.com/read/2025/06/05/18545861/jaksa-agung-st-burhanuddin-bantah-isu-mundur,kompas,5 Juni 2025,50,75,80,50,80,100,68,Perlu revisi,,,,[],194,0
103,"Polda Metro Lakukan Rekayasa Arus Balik dari Cikampek, Prioritaskan untuk Pemudik",https://megapolitan.kompas.com/read/2025/04/05/20134691/polda-metro-lakukan-rekayasa-arus-balik-dari-cikampek-prioritaskan-untuk,kompas,5 April 2025,50,75,80,50,80,100,68,Perlu revisi,,,,[],305,0
104,"Anggaran Pakaian Dinas Anggota DPRD Jakarta Capai Rp 2,5 Miliar",https://megapolitan.kompas.com/read/2025/02/03/18052991/anggaran-pakaian-dinas-anggota-dprd-jakarta-capai-rp-25-miliar,kompas,3 Februari 2025,50,75,80,50,80,100,68,Perlu revisi,,,,[],231,0
105,"Konflik Memanas Bikin Thailand Tutup Perbatasan, Warga Kamboja Terjebak",https://news.detik.com/internasional/d-7980781/konflik-memanas-bikin-thailand-tutup-perbatasan-warga-kamboja-terjebak,detik,"Selasa, 24 Jun 2025 22:10 WIB",50,75,80,50,80,100,68,Perlu revisi,,,,[],428,0
106,"3 Negara Asia Tolak Akui Negara Palestina, Salah Satunya Tetangga RI",https://www.tempo.co/internasional/3-negara-asia-tolak-akui-negara-palestina-salah-satunya-tetangga-ri--2072086,tempo,22 September 2025 | 11.35 WIB,50,75,80,50,80,95,67,Perlu revisi,,,,[],420,0
107,Prabowo Mau Bertemu Forum Purnawirawan TNI yang Tuntut Gibran Dicopot dari Wapres,https://nasional.kompas.com/read/2025/05/05/19590031/prabowo-mau-bertemu-forum-purnawirawan-tni-yang-tuntut-gibran-dicopot-dari,kompas,5 Mei 2025,50,75,80,50,80,100,68,Perlu revisi,,,,[],292,0
108,Kementerian Perindustrian Sampaikan Penyebab Turunnya Indeks Kepercayaan Industri Maret 2025,https://www.tempo.co/ekonomi/kementerian-perindustrian-sampaikan-penyebab-turunnya-indeks-kepercayaan-industri-maret-2025-1224842,tempo,27 Maret 2025 | 12.07 WIB,50,75,80,50,80,95,67,Perlu revisi,,,,[],411,0
109,"Usai dari Kalimantan, Gibran Langsung Tonton Basket IBL di Solo",https://nasional.kompas.com/read/2025/08/23/15583231/usai-dari-kalimantan-gibran-langsung-tonton-basket-ibl-di-solo,kompas,23 Agustus 2025,50,60,80,50,80,100,65,Perlu revisi,,,,[],182,0
110,"Ular Kobra Berkeliaran di Rumah Warga Lebak, Damkar Evakuasi",https://news.detik.com/berita/d-8061606/ular-kobra-berkeliaran-di-rumah-warga-lebak-damkar-evakuasi,detik,"Kamis, 14 Agu 2025 21:08 WIB",50,75,80,50,80,100,68,Perlu revisi,,,,[],145,0
111,4 Fakta Penganiayaan Brutal Berujung Maut Gitaris Radicta,https://news.detik.com/berita/d-8031919/4-fakta-penganiayaan-brutal-berujung-maut-gitaris-radicta,detik,"Minggu, 27 Jul 2025 20:15 WIB",50,75,80,50,80,100,68,Perlu revisi,,,,[],454,0
112,Kemacetan Jakarta Disebut Jadi PR Besar Gubernur-Wagub Selanjutnya,https://megapolitan.kompas.com/read/2024/09/03/16480911/kemacetan-jakarta-disebut-jadi-pr-besar-gubernur-wagub-selanjutnya,kompas,3 September 2024,50,75,80,50,80,100,68,Perlu revisi,,,,[],249,0
113,Kronologi Satpam RS di Bekasi Dianiaya Pihak Pasien hingga Kejang-Muntah Darah,https://news.detik.com/berita/d-7854886/kronologi-satpam-rs-di-bekasi-dianiaya-pihak-pasien-hingga-kejang-muntah-darah,detik,"Jumat, 04 Apr 2025 20:27 WIB",50,75,80,50,80,100,68,Perlu revisi,,,,[],365,0
114,"Awas, Tak Pasang Pelat Nomor Belakang Kena Tilang ETLE",https://megapolitan.kompas.com/read/2025/10/11/19304171/awas-tak-pasang-pelat-nomor-belakang-kena-tilang-etle,kompas,11 Oktober 2025,50,75,80,50,80,100,68,Perlu revisi,,,,[],387,0
115,Bus Transjakarta Tetap Beroperasi saat Misa Akbar Paus Fransiskus di GBK,https://www.tempo.co/politik/bus-transjakarta-tetap-beroperasi-saat-misa-akbar-paus-fransiskus-di-gbk-13721,tempo,1 September 2024 | 10.42 WIB,50,75,80,50,80,95,67,Perlu revisi,,,,[],354,0
116,Relaksasi Pajak DKI Dongkrak Perekonomian Masyarakat,https://megapolitan.kompas.com/read/2025/10/03/17113501/relaksasi-pajak-dki-dongkrak-perekonomian-masyarakat,kompas,3 Oktober 2025,50,75,80,50,100,100,70,Perlu revisi,,,,[],511,0
117,Kuasa Hukum Sebut Delpedro Marhaen Diintimidasi Saat Ditangkap Polisi,https://megapolitan.kompas.com/read/2025/09/02/21084461/kuasa-hukum-sebut-delpedro-marhaen-diintimidasi-saat-ditangkap-polisi,kompas,2 September 2025,50,75,80,50,80,100,68,Perlu revisi,,,,[],374,0
118,"Gus Ipul Kunjungi SRMA 13 Bekasi, Tinjau Perkembangan Siswa",https://news.detik.com/berita/d-8123389/gus-ipul-kunjungi-srma-13-bekasi-tinjau-perkembangan-siswa,detik,"Minggu, 21 Sep 2025 20:05 WIB",50,75,80,50,100,95,69,Perlu revisi,,,,[],623,0
119,"Nasrallah, Amerika Serikat dan Burung Onta",https://news.detik.com/kolom/d-7567611/nasrallah-amerika-serikat-dan-burung-onta,detik,"Selasa, 01 Okt 2024 22:30 WIB",50,75,80,50,80,100,68,Perlu revisi,,,,[],285,0
120,"Dihukum 7 Tahun, Hakim yang Bebaskan Ronald Tannur: Menyesal Dong",https://nasional.kompas.com/read/2025/05/08/18230971/dihukum-7-tahun-hakim-yang-bebaskan-ronald-tannur-menyesal-dong,kompas,8 Mei 2025,50,75,80,50,80,100,68,Perlu revisi,,,,[],176,0
121,Polisi Siapkan Rekayasa Lalin saat Presiden Turki Mampir ke Istana Bogor,https://news.detik.com/berita/d-7774038/polisi-siapkan-rekayasa-lalin-saat-presiden-turki-mampir-ke-istana-bogor,detik,"Selasa, 11 Feb 2025 23:02 WIB",50,75,80,50,80,100,68,Perlu revisi,,,,[],288,0
122,7 Tips Merawat Kulit Remaja Agar Bebas Jerawat,https://www.tempo.co/gaya-hidup/7-tips-merawat-kulit-remaja-agar-bebas-jerawat-2080445,tempo,17 Oktober 2025 | 11.15 WIB,50,75,80,50,100,95,69,Perlu revisi,,,,[],542,0
123,"Hadiri Kampanye Akbar Pramono-Rano, Ahok Langsung Dikerubungi Warga",https://megapolitan.kompas.com/read/2024/11/23/10002551/hadiri-kampanye-akbar-pramono-rano-ahok-langsung-dikerubungi-warga,kompas,23 November 2024,50,75,80,50,80,100,68,Perlu revisi,,,,[],175,7
124,Prabowo Perintahkan TNI Ikuti Perkembangan Teknologi dan AI,https://www.tempo.co/politik/prabowo-perintahkan-tni-ikuti-perkembangan-teknologi-dan-ai-2076529,tempo,5 Oktober 2025 | 17.33 WIB,50,75,80,50,80,95,67,Perlu revisi,,,,[],271,0
125,DPRD DKI Minta Pemprov Wajibkan Ekstrakurikuler Bahasa Asing di Sekolah,https://megapolitan.kompas.com/read/2025/10/21/18111511/dprd-dki-minta-pemprov-wajibkan-ekstrakurikuler-bahasa-asing-di-sekolah,kompas,21 Oktober 2025,50,75,80,50,80,100,68,Perlu revisi,,,,[],273,0
126,"Pemprov Jakarta Kembali Modifikasi Cuaca, Danrindam Jaya: Hari Ini Cerah, Tak Hujan",https://nasional.kompas.com/read/2024/12/15/13042451/pemprov-jakarta-kembali-modifikasi-cuaca-danrindam-jaya-hari-ini-cerah-tak,kompas,15 Desember 2024,50,75,80,50,80,100,68,Perlu revisi,,,,[],258,0
127,"Minta Pendemo Dilepaskan, Adian PDIP: Mereka Sayang Konstitusi",https://news.detik.com/berita/d-7504071/minta-pendemo-dilepaskan-adian-pdip-mereka-sayang-konstitusi,detik,"Kamis, 22 Agu 2024 23:17 WIB",50,75,80,50,80,100,68,Perlu revisi,,,,[],290,0
128,LRT Jabodebek Angkut 199 Ribu Penumpang Usai Libur Panjang Waisak,https://www.tempo.co/ekonomi/lrt-jabodebek-angkut-199-ribu-penumpang-usai-libur-panjang-waisak-1454233,tempo,16 Mei 2025 | 21.12 WIB,50,75,80,50,80,95,67,Perlu revisi,,,,[],189,0
129,Alasan Komunitas SOS Kirim Puluhan Karangan Bunga ke Rumah Prabowo,https://megapolitan.kompas.com/read/2025/10/21/18522251/alasan-komunitas-sos-kirim-puluhan-karangan-bunga-ke-rumah-prabowo,kompas,21 Oktober 2025,50,75,80,50,80,100,68,Perlu revisi,,,,[],340,0
130,"Mobil Tabrak Pemotor di Jakbar, Ada Korban Tewas",https://news.detik.com/berita/d-7619460/mobil-tabrak-pemotor-di-jakbar-ada-korban-tewas,detik,"Sabtu, 02 Nov 2024 23:33 WIB",50,75,80,50,80,100,68,Perlu revisi,,,,[],122,2
131,Kementerian ESDM Panggil SPBU Swasta Sore Ini soal BBM Impor,https://www.tempo.co/ekonomi/kementerian-esdm-panggil-spbu-swasta-sore-ini-soal-bbm-impor-2075925,tempo,3 Oktober 2025 | 15.10 WIB,50,75,80,50,80,95,67,Perlu revisi,,,,[],478,0
132,"KPK Usul Dana Parpol dari APBN, Kemendagri Ingatkan Transparansi",https://nasional.kompas.com/read/2025/05/19/21401701/kpk-usul-dana-parpol-dari-apbn-kemendagri-ingatkan-transparansi,kompas,19 Mei 2025,50,75,80,50,80,100,68,Perlu revisi,,,,[],335,0
133,"Periksa Pasukan pada HUT ke-80 TNI, Prabowo: Terima Kasih Pengabdianmu",https://nasional.kompas.com/read/2025/10/05/08335941/periksa-pasukan-pada-hut-ke-80-tni-prabowo-terima-kasih-pengabdianmu,kompas,5 Oktober 2025,50,75,80,50,80,100,68,Perlu revisi,,,,[],253,0
134,Donald Trump Tawarkan Kartu Emas: Miliarder Rusia Boleh Ajukan Permohonan,https://www.tempo.co/internasional/donald-trump-tawarkan-kartu-emas-miliarder-rusia-boleh-ajukan-permohonan-1212577,tempo,27 Februari 2025 | 09.00 WIB,50,75,80,50,100,95,69,Perlu revisi,,,,[],985,0
135,"Ridwan Kamil Janji Bikin 1 Super App, Bisa Laporkan Bullying hingga Kriminalitas",https://megapolitan.kompas.com/read/2024/10/12/19023441/ridwan-kamil-janji-bikin-1-super-app-bisa-laporkan-bullying-hingga,kompas,12 Oktober 2024,50,75,80,50,80,100,68,Perlu revisi,,,,[],247,0
136,"Reminder Artinya Pengingat, Ini Manfaatnya untuk Pribadi",https://www.tempo.co/gaya-hidup/reminder-artinya-pengingat-ini-manfaatnya-untuk-pribadi-1194451,tempo,15 Januari 2025 | 15.16 WIB,50,75,80,50,100,95,69,Perlu revisi,,,,[],518,0
137,IKRA Sukses Mengantarkan Desainer Berdaya di ISEF 2025,https://www.tempo.co/info-tempo/ikra-desainer-berdaya-isef-2025-2080090,tempo,16 Oktober 2025 | 09.00 WIB,50,75,80,50,100,95,69,Perlu revisi,,,,[],948,0
138,Instran Desak Pramono-Rano Fokus Transportasi Umum di 100 Hari Pertama,https://megapolitan.kompas.com/read/2025/02/19/17540621/instran-desak-pramono-rano-fokus-transportasi-umum-di-100-hari-pertama,kompas,19 Februari 2025,50,75,80,50,80,100,68,Perlu revisi,,,,[],355,0
139,"Pemkab Gresik Bantu Keluarga Naufal, Atlet Gimnastik yang Tutup Usia",https://www.tempo.co/info-tempo/pemkab-gresik-bantu-keluarga-naufal-atlet-gimnastik-yang-tutup-usia-2081452,tempo,3 Oktober 2025 | 16.49 WIB,50,75,80,50,80,95,67,Perlu revisi,,,,[],386,0
140,"Gerakan Solidaritas Nasional Terbentuk, Yusril: Tugas Kita Bersama Wujudkan Janji Kampanye Prabowo",https://nasional.kompas.com/read/2024/11/03/17005491/gerakan-solidaritas-nasional-terbentuk-yusril-tugas-kita-bersama-wujudkan,kompas,3 November 2024,50,75,80,50,80,100,68,Perlu revisi,,,,[],170,0
141,"Banggakan PLTS Terapung di Waduk Cirata, Terbesar di Asia Tenggara, Jokowi: Terbesar Ketiga di Dunia",https://www.tempo.co/arsip/banggakan-plts-terapung-di-waduk-cirata-terbesar-di-asia-tenggara-jokowi-terbesar-ketiga-di-dunia--12362,tempo,5 September 2024 | 17.13 WIB,50,75,80,50,100,95,69,Perlu revisi,,,,[],539,0
142,"Di Forum PBB, Prabowo Janji Akui Israel Asalkan Terima Kemerdekaan Palestina",https://www.tempo.co/video/arsip/di-forum-pbb-prabowo-janji-akui-israel-asalkan-terima-kemerdekaan-palestina-2072412,tempo,23 September 2025 | 10.12 WIB,50,75,80,50,80,95,67,Perlu revisi,,,,[],189,0
143,KPU Tak Larang Warga Kampanye Kotak Kosong: Yang Dilarang Hasut untuk Golput,https://news.detik.com/pilkada/d-7517507/kpu-tak-larang-warga-kampanye-kotak-kosong-yang-dilarang-hasut-untuk-golput,detik,"Jumat, 30 Agu 2024 22:37 WIB",50,75,80,50,80,100,68,Perlu revisi,,,,[],280,0
144,PBB: Israel Bunuh 1.054 Warga Gaza Saat Antre Bantuan Pangan Sejak Mei,https://news.detik.com/internasional/d-8024426/pbb-israel-bunuh-1-054-warga-gaza-saat-antre-bantuan-pangan-sejak-mei,detik,"Selasa, 22 Jul 2025 22:47 WIB",50,75,80,50,80,100,68,Perlu revisi,,,,[],260,0
145,Jurnalis Kompas.com Digeledah Aparat Berpakaian Sipil Saat Meliput Demo Tolak UU TNI di DPR,https://megapolitan.kompas.com/read/2025/03/28/14151021/jurnalis-kompascom-digeledah-aparat-berpakaian-sipil-saat-meliput-demo,kompas,28 Maret 2025,50,75,80,50,80,100,68,Perlu revisi,,,,[],281,0
146,"Penembakan Terjadi di Texas AS, 7 Polisi Terluka",https://news.detik.com/internasional/d-7747090/penembakan-terjadi-di-texas-as-7-polisi-terluka,detik,"Kamis, 23 Jan 2025 21:13 WIB",50,75,80,50,80,100,68,Perlu revisi,,,,[],198,0
147,"Viral Pria Pukul-pukul Mobil gegara Parkir di Jl Surken Bogor, Polisi Selidiki",https://news.detik.com/berita/d-8115536/viral-pria-pukul-pukul-mobil-gegara-parkir-di-jl-surken-bogor-polisi-selidiki,detik,"Selasa, 16 Sep 2025 21:33 WIB",50,75,80,50,80,100,68,Perlu revisi,,,,[],152,0
148,Komunitas Rental Mobil Tabur Bunga di Lokasi Penembakan Rest Area Tol Tangerang-Merak,https://megapolitan.kompas.com/read/2025/01/04/06054131/komunitas-rental-mobil-tabur-bunga-di-lokasi-penembakan-rest-area-tol,kompas,4 Januari 2025,50,75,80,50,80,100,68,Perlu revisi,,,,[],257,0
149,Pemprov Jabar Sebut Pagar Misterius di Laut Bekasi Dibangun untuk Alur Pelabuhan,https://megapolitan.kompas.com/read/2025/01/14/16481191/pemprov-jabar-sebut-pagar-misterius-di-laut-bekasi-dibangun-untuk-alur,kompas,14 Januari 2025,50,75,80,50,80,100,68,Perlu revisi,,,,[],317,0